{"cameraMode":{"drawMode":0,"name":"Shaded","section":"Shading Mode"},"sceneLighting":true,"audioPlay":false,"sceneViewState":{"showFog":true,"showMaterialUpdate":false,"showSkybox":true,"showFlares":true,"showImageEffects":true,"showParticleSystems":true,"showVisualEffectGraphs":true,"m_FxEnabled":true},"in2DMode":false,"pivot":{"x":393.84002685546877,"y":108.10490417480469,"z":-38.12745666503906},"rotation":{"x":-0.10510969161987305,"y":-0.009847915731370449,"z":0.0010409384267404676,"w":-0.9944129586219788},"size":80.1108169555664,"orthographic":false}